id,name,email
427903171,Karishma,karrajput3948@gmail.com
427903172,Aaryan,karrajput3948@gmail.com
427903173,Karishma,karrajput3948@gmail.com
427903174,Aaryan,karrajput3948@gmail.com
427903175,Karishma,karrajput3948@gmail.com
427903176,Aaryan,karrajput3948@gmail.com
427903177,Karishma,karrajput3948@gmail.com
427903178,Aaryan,karrajput3948@gmail.com
427903179,Karishma,karrajput3948@gmail.com
427903180,Aaryan,karrajput3948@gmail.com
427903171,Karishma,karrajput3948@gmail.com
427903172,Aaryan,karrajput3948@gmail.com
427903173,Karishma,karrajput3948@gmail.com
427903174,Aaryan,karrajput3948@gmail.com
427903175,Karishma,karrajput3948@gmail.com
427903176,Aaryan,karrajput3948@gmail.com
427903177,Karishma,karrajput3948@gmail.com
427903178,Aaryan,karrajput3948@gmail.com
427903179,Karishma,karrajput3948@gmail.com
427903180,Aaryan,karrajput3948@gmail.com
427903171,Karishma,karrajput3948@gmail.com
427903172,Aaryan,karrajput3948@gmail.com
427903173,Karishma,karrajput3948@gmail.com
427903174,Aaryan,karrajput3948@gmail.com
427903175,Karishma,karrajput3948@gmail.com
427903176,Aaryan,karrajput3948@gmail.com
427903177,Karishma,karrajput3948@gmail.com
427903178,Aaryan,karrajput3948@gmail.com
427903179,Karishma,karrajput3948@gmail.com
427903180,Aaryan,karrajput3948@gmail.com
427903171,Karishma,karrajput3948@gmail.com
427903172,Aaryan,karrajput3948@gmail.com
427903173,Karishma,karrajput3948@gmail.com
427903174,Aaryan,karrajput3948@gmail.com
427903175,Karishma,karrajput3948@gmail.com
427903176,Aaryan,karrajput3948@gmail.com
427903177,Karishma,karrajput3948@gmail.com
427903178,Aaryan,karrajput3948@gmail.com
427903179,Karishma,karrajput3948@gmail.com
427903180,Aaryan,karrajput3948@gmail.com
427903171,Karishma,karrajput3948@gmail.com
427903172,Aaryan,karrajput3948@gmail.com
427903173,Karishma,karrajput3948@gmail.com
427903174,Aaryan,karrajput3948@gmail.com
427903175,Karishma,karrajput3948@gmail.com
427903176,Aaryan,karrajput3948@gmail.com
427903177,Karishma,karrajput3948@gmail.com
427903178,Aaryan,karrajput3948@gmail.com
427903179,Karishma,karrajput3948@gmail.com
427903180,Aaryan,karrajput3948@gmail.com
